walscode,glottocode
abi,abip1241
abk,abkh1244
abm,alab1237
ach,ache1246
acm,achu1247
aco,west2632
adk,ando1256
adz,adze1240
aea,aleu1260
aeg,egyp1253
agh,aghe1239
aht,ahte1237
aik,aika1237
ain,ainu1240
aiz,apro1235
akn,akan1250
akw,akaw1239
ala,alam1246
alb,gheg1238
ald,alla1248
alw,alaw1244
amc,amah1246
ame,amel1241
amh,amha1245
amo,amoo1242
amp,east2379
amu,yane1238
amz,guer1243
ana,arao1248
anc,ngas1240
ani,anii1246
ant,anga1290
ao,aona1235
api,apin1244
apu,apur1254
arb,arab1268
arc,arch1244
arm,nucl1235
arp,buki1249
asm,tamn1235
ata,atay1247
ava,avar1256
awn,awng1244
awp,awac1239
aym,cent2142
aze,sout2697
bag,bagi1246
bai,cent2004
baj,indo1317
bam,bamb1269
baw,bawm1236
bbf,sout2840
bco,bell1243
bee,beem1239
bej,beja1238
ben,beng1280
ber,bert1248
bet,dalo1238
bir,bero1242
bis,biss1248
bki,baka1277
bkr,bata1293
bma,cent2194
bng,qaqe1238
bno,waim1255
bod,bodo1269
bra,lave1249
brb,baat1238
brd,bard1255
bre,bret1244
brh,brah1256
bri,brib1243
brm,nucl1310
brr,boro1282
brw,west2397
bsk,bash1264
bsq,basq1248
bto,bata1289
bua,bura1267
bul,bulg1262
bur,buru1296
cac,cacu1241
cad,cadd1256
cah,cahu1264
cam,cams1241
car,gali1262
cax,asha1243
cay,chac1249
cck,chic1270
ccp,coco1261
cha,cham1312
che,cher1273
chk,chuk1273
chl,uppe1439
chp,chip1261
chq,quio1240
chu,niva1238
chv,chuv1255
chw,west2650
cil,luba1249
cle,leal1235
cmn,coma1245
cnl,cane1242
cnt,yuec1235
cof,cofa1242
coo,coos1249
cre,plai1258
cso,west2644
cti,tedi1235
ctl,stan1289
cub,cube1242
cve,chua1250
cyv,cayu1262
dad,dadi1250
dag,daga1275
dah,daha1245
dan,dann1241
dar,dara1250
ddf,darf1239
der,dera1245
det,shua1254
dgb,dagb1246
dgr,daur1238
die,kumi1248
din,nort2815
dio,jola1263
diy,dier1241
diz,dizi1235
djp,dhuw1249
dni,lowe1415
dnw,dang1274
don,sout2741
doy,doya1240
dre,dehu1237
dts,toro1252
dum,vani1248
dyi,dyir1250
efi,efik1245
eja,ejag1239
eka,ekar1243
eng,stan1293
epe,epen1239
eve,even1259
evn,even1260
ewe,ewee1241
ewo,ewon1239
eya,eyak1241
fas,fasu1242
fef,fefe1239
fij,fiji1243
fin,finn1318
fre,stan1290
ful,fuln1247
fur,furr1244
fuz,mind1253
fye,fyam1238
ga,gaaa1244
gan,apuc1241
gar,garo1247
gbb,gbay1287
gds,gads1258
geo,nucl1302
ger,stan1295
ghb,guah1255
gla,qaua1234
gmb,guam1248
goa,wayu1243
goo,goon1238
grb,barc1235
grk,mode1248
grr,gara1269
grw,kala1399
gua,para1311
gwa,gbag1258
had,hadz1240
hak,hakk1236
ham,hamt1247
hau,haus1257
haw,hawa1245
hba,hebr1245
hin,hind1269
hix,hixk1239
hmr,hame1242
hok,minn1241
hop,hopi1249
htc,huas1242
hum,muru1274
hun,hung1274
hup,hupa1239
hve,sanm1287
hzb,hunz1247
iaa,iaai1238
iba,iban1264
igb,nucl1417
ign,igna1246
igs,gaam1241
ijo,izon1238
ik,ikkk1242
ika,arhu1242
imo,imon1245
ind,indo1316
ing,ingu1240
ird,iris1253
irq,iraq1241
irr,irar1238
irx,iran1263
iso,isok1239
ite,itel1242
ito,iton1250
iva,ivat1242
iwm,iwam1256
jak,popt1235
jaq,jaqa1244
jav,java1254
jeb,jebe1250
jeh,jehh1245
jiv,shua1257
jng,kach1280
jom,talo1250
jpn,nucl1643
jpr,japr1238
juh,juho1239
kab,kaba1278
kad,katc1249
kal,kala1373
kas,kash1277
kay,kaya1319
kch,koyr1240
ked,keda1252
kef,kafa1242
kek,kekc1242
ker,kera1255
ket,kett1243
kfe,koro1298
kgi,wame1240
kgu,kalk1246
kgz,kirg1245
kha,halh1238
khm,cent1989
kho,nama1264
khr,khar1287
khs,khas1269
kio,kiow1266
kiw,sout2949
kkn,konk1267
kkv,lusi1240
kla,klao1243
klm,klam1254
klv,kili1267
kly,kala1377
kmp,kuni1267
kmu,khmu1256
knd,nucl1305
kng,kain1272
knk,dera1248
knm,kuna1268
knr,cent2050
koa,koas1236
kob,kobo1249
koh,kohu1244
koi,gras1249
kom,komo1258
kor,kore1280
kot,kota1263
koy,koya1251
kpa,kpan1246
kpe,libe1247
krb,gilb1244
krd,cent1972
krk,karo1304
kro,kron1241
kry,kory1246
kse,koyr1242
ksg,sgaw1245
kss,sout2778
ktk,afad1236
kty,khan1273
kul,gamo1244
kun,bord1248
kur,kuru1302
kut,kute1249
kwa,kwai1243
kwk,kwak1269
kwo,kwom1262
kws,kawa1283
kya,kuku1273
kyl,east2342
kzy,komi1268
lad,lada1244
lah,lahu1253
lak,lakk1252
lam,peve1243
lan,lang1324
lat,latv1249
lav,lavu1241
len,lena1238
lep,lepc1244
lez,lezg1247
lit,lith1251
lkk,lakk1238
lkt,lako1247
llm,lele1264
lu,luuu1242
lua,niel1243
lug,lugb1240
lui,luis1253
luo,luok1236
lus,lush1252
luv,luva1239
maa,masa1300
mab,maba1277
mal,plat1254
mao,maor1246
map,mapu1245
mar,mari1440
mau,maun1240
max,maxa1247
may,maib1239
mba,mbaa1245
mbb,mbab1239
mbm,mbum1254
mei,mani1292
mie,iumi1238
mku,mara1386
mla,came1252
mlk,mull1237
mme,east2328
mnc,manc1252
mnd,mand1415
mne,nort2952
mog,mogh1245
mor,morm1235
mov,movi1243
mpa,murr1258
mrd,nucl1622
mrg,marg1265
mrl,murl1244
mrn,mara1404
mro,moro1285
mrt,mart1255
mss,sout2985
mtp,toto1305
mui,muin1242
mum,nucl1240
mun,mund1320
mxc,sanm1295
mxm,sanm1295
mya,maya1282
myi,mang1381
mzc,chiq1250
nai,nana1257
nan,nand1266
nap,lish1246
nar,nara1262
nas,naas1242
nav,nava1243
nax,naxi1245
nbk,natu1246
ndt,ndut1239
ndy,ndyu1242
new,newa1246
nez,nezp1238
nga,ngan1291
ngz,ngiz1242
nhn,nort2957
nht,tete1251
nim,nucl1633
nis,nyis1236
niv,gily1242
nko,chig1238
nkt,nyah1250
nmb,sout2994
nnc,cent1990
nob,nobi1240
non,noon1243
nor,norw1259
nti,ngit1239
ntu,nene1249
nug,nung1290
nun,nung1283
nuu,noot1239
nyg,nyan1313
nyi,amas1236
oca,ocai1244
ogb,ogbi1239
oji,east2542
ond,onei1249
ood,toho1245
orh,east2652
orm,ormu1247
otm,mezq1235
pac,paco1243
pae,paez1247
pai,paiw1248
pau,paum1247
paw,pawa1255
pec,pech1241
phl,pwon1235
pit,pitj1243
pms,paam1238
pnr,enap1235
poa,fwai1237
poh,pohn1238
pol,poli1260
prh,pira1253
prs,west2369
psh,cent1973
psm,male1292
pso,sout2982
puk,para1301
pur,pure1242
qaw,qawa1238
qco,sout2991
qui,quil1240
ram,rama1270
rap,rapa1244
res,resi1247
rom,roma1327
ror,waim1251
rsc,roma1326
rtk,roto1249
ruk,ruka1240
rus,russ1263
rut,rutu1240
sab,saba1265
san,sang1328
sba,sali1298
scs,sout2674
sdh,sind1272
sdw,sand1273
seb,kups1238
sed,seda1262
sel,onaa1245
sha,shan1277
shi,nina1238
shk,ship1254
shs,shas1239
shu,shus1248
sin,sion1247
skp,selk1253
slp,sele1250
sml,seme1247
snc,sene1264
snd,ceba1235
snh,sinh1246
snm,sanu1240
snt,nucl1632
som,soma1255
soq,soqo1240
sor,sora1254
spa,stan1288
squ,squa1248
sre,koho1244
srn,siri1273
sue,suen1241
sui,suii1243
sup,supy1237
svs,savo1255
swa,swah1253
tab,east2440
tac,taca1256
tag,taga1270
tam,east2347
teh,tehu1242
tel,telu1262
ter,tera1251
tgk,tiga1245
tgr,tigr1270
tha,thai1261
tib,tibe1272
tic,ticu1245
tiw,tiwi1244
tks,teke1280
tli,tlin1245
tlp,acat1239
tma,tama1331
tmn,nucl1339
tmp,tamp1252
tne,timn1235
toa,toar1246
tok,taro1263
tol,toll1241
ton,tonk1249
tpa,papa1238
tru,trum1247
try,tiru1241
tsg,taus1251
tsi,nucl1649
tso,tsou1248
ttn,tetu1245
ttu,bats1242
tug,taha1241
tul,tulu1258
tun,tuni1252
tur,nucl1301
tuv,tuvi1240
twn,nort1550
tza,tzel1254
umb,umbu1257
una,unaa1239
ung,ngar1284
urk,urub1250
usa,usan1239
uzn,nort2690
vie,viet1252
wam,wamb1258
wap,wapp1239
war,wari1268
wch,wich1264
wdo,pitj1243
wic,wich1260
win,wint1259
wiy,wiyo1248
wlf,nucl1347
wma,west2600
wmu,wikm1247
wnt,want1252
woi,kama1365
wps,wapi1253
wra,wara1303
wrd,ward1246
wrs,wari1266
wry,wara1290
wuc,wuch1236
xoo,xooo1239
yag,yagu1244
yan,yana1271
yap,yape1248
yaq,yaqu1251
yar,yare1248
yaw,nucl1454
yay,bouy1240
ycn,yucu1253
yct,yuca1254
yel,yele1255
yes,yess1239
yey,yeyi1239
ygr,yaga1260
yid,yidi1250
yim,yima1243
yko,sout2750
ykt,yaku1245
yny,yany1243
yor,yoru1245
ytu,nort2745
yuc,yuch1247
yul,yulu1243
yur,yuro1248
yus,cent2128
zan,zand1248
zqc,copa1236
zul,zulu1248
zun,zuni1245
mak,maka1318
ngi,wang1291
tas,tach1250
wao,waor1240
abz,abaz1241
ady,adyg1241
agr,agua1253
agu,agua1252
aho,arap1274
akb,akab1249
akc,akac1240
akk,akak1252
ale,aleu1260
aln,alun1238
alu,alut1245
amn,aman1265
amr,moro1292
apk,apuc1241
ara,araw1276
aso,sout2694
ats,atsu1245
axv,akhv1239
bao,bona1250
bdk,budu1248
bez,bezh1248
bgv,bagv1239
bla,siks1238
blc,east2304
bor,bora1263
brs,bara1380
bth,bath1244
but,mong1330
cas,cash1251
cav,cavi1250
ccm,coma1246
cct,choc1276
chc,chec1245
chh,seba1251
chi,chim1301
chm,cham1309
chr,chra1242
cht,nopa1235
ckh,chek1238
cla,clal1241
cly,chul1246
cmh,utes1238
cmk,chim1310
cmy,taba1266
cor,elna1235
cri,crim1257
crj,cari1279
csc,soch1239
cui,cuib1242
dol,dolg1241
eip,eipo1242
emb,nort2972
ena,enga1252
ese,esee1248
ess,esse1238
ets,yekh1238
frd,ford1242
fut,futu1245
gag,gaga1249
gap,gapa1238
gav,gavi1246
ghr,gahr1239
gll,gale1259
god,ghod1238
grf,gari1256
gto,guat1253
guj,guja1252
guq,cari1279
hal,hali1244
hav,hava1248
heb,hebr1245
hia,cari1279
hid,hida1246
hlp,hava1248
hmi,mini1256
hnk,hinu1240
hpd,hupd1244
hrs,hars1241
iql,east2534
iri,iris1253
ixi,ixil1251
jbt,djeo1235
jib,sheh1240
jmo,jurm1239
jrn,juru1256
jur,jurc1239
jva,kara1500
kat,kate1253
kaz,kaza1248
kfy,kirg1245
khg,khal1275
khi,khin1240
khk,khak1248
khv,khva1239
kiq,kalm1243
kit,kits1249
kkp,kara1467
kmk,kalm1243
koo,kola1285
krc,kara1465
krh,krah1246
krm,kara1464
krq,kere1280
krt,kara1474
krz,kryt1240
ksh,kash1280
ksi,puoc1238
ksr,kisa1266
kuo,kuot1243
kuq,kumy1244
kwz,kwaz1243
kym,nort2690
lha,laha1250
lil,lill1248
lim,limb1266
lon,loni1238
lrk,lari1255
lum,stra1244
mam,mamc1234
mcs,cent2140
mdr,nucl1460
meh,mehr1241
mid,mido1240
mkw,maku1246
mlt,malt1254
mma,nucl1706
mns,mans1258
mos,mose1249
muo,muon1246
mwn,nort2968
mxt,ayut1236
naa,chal1275
nab,naba1256
nam,nami1256
neg,negi1245
nev,toho1245
nnk,nank1250
nog,noga1249
nok,noga1249
nyk,tukp1239
oks,oksa1245
olo,oloo1241
ong,onge1236
orc,oroc1248
ork,orok1265
orl,orok1267
oro,orok1269
osa,osag1243
pat,pate1247
pip,pipi1250
pno,nort2954
ptt,patt1248
put,utes1238
qec,chim1302
qim,imba1240
rwa,rawa1267
sae,saek1240
sch,stra1244
sgs,stra1244
shr,shor1247
shw,shaw1249
slr,sala1264
sod,kist1241
sol,even1259
soo,stra1244
spi,tibe1272
sss,stra1244
sta,dong1285
sul,sulk1246
swr,shos1248
syg,west2402
tbb,tuba1278
tbr,taba1263
tce,cent2131
tec,tekt1235
tew,tewa1260
tex,khor1269
thd,thad1238
tid,tido1248
til,till1254
tin,tiri1258
tkm,turk1304
tlb,noga1249
tmr,temi1246
tnd,tind1238
tni,tina1246
tod,stod1241
tof,kara1462
tps,sout2976
tsz,dido1241
ttb,tata1255
tvo,tata1255
twx,khor1269
uby,ubyk1235
udh,udih1248
udi,udii1243
ulc,ulch1241
umu,cari1279
urm,urum1249
ute,utes1238
uyg,uigh1240
vai,vaii1241
was,wash1253
wik,yoku1256
wnb,hoch1243
wrm,ware1253
xav,xava1240
yki,yuki1243
ykp,yukp1241
ymd,yamd1240
ynm,yano1262
ypk,cent2127
yrc,yura1255
ysi,sire1246
yta,noga1249
yug,yugh1239
zno,zulu1248
zso,zulu1248
aka,yaka1272
avt,avat1244
ban,bana1305
bfd,biaf1240
bfi,bafi1243
ble,baou1238
bsr,bass1258
buy,buli1254
ctm,chit1248
day,dayy1236
dga,sout2789
ebi,ebir1243
ega,egaa1242
fus,pula1263
gad,gade1242
gbk,nort2775
gir,gula1265
grm,gour1243
hay,wayu1241
ila,ilaa1246
kan,khan1278
kem,qima1242
kgl,umbu1258
kon,koon1244
krw,koro1312
ksp,kimm1246
kwb,nucl1595
laa,laal1242
lok,loko1255
mby,mbay1241
mdk,mand1436
mdo,gbay1281
mdz,mada1282
mnu,kimm1245
moo,moss1236
mul,mula1253
ntj,ngaa1240
oku,okuu1243
ora,emai1241
pme,east2545
pod,park1239
tbl,tabl1243
tik,tika1246
tmk,tuma1260
trb,teri1250
wmn,weme1239
xas,xaas1235
yem,yemb1246
zqs,high1276
fma,pula1263
krn,kora1292
abe,nort3139
ace,achi1257
acg,acha1250
ael,liby1240
agt,leni1238
ahs,hass1238
akl,akla1241
aly,alya1239
apa,sout3123
arg,gulf1241
arh,hija1235
arl,nort3139
aro,aros1241
arv,sout3123
asy,nort3139
atb,aral1243
atq,paci1278
au,auuu1241
awd,awad1243
awe,west2441
awt,awtu1239
bae,bare1276
bal,bali1278
bbm,bamb1270
bbw,gunw1252
bdm,badi1246
bgg,bang1368
bho,bhoj1244
bik,biak1248
bim,bima1247
bkl,cent2087
blk,bala1315
bna,jama1261
bnl,bang1339
bnt,bant1286
bqb,basq1248
bqg,basq1248
bqh,basq1248
bqi,basq1248
bql,basq1248
bqn,basq1248
bqo,basq1248
bqr,basq1248
bqs,basq1248
bqz,basq1248
bso,basq1250
bug,bugi1244
bui,buli1255
buu,buru1303
cap,capa1241
ceb,cebu1242
cpa,ashe1273
cpn,chep1245
crk,cree1270
crn,corn1251
cup,cupe1243
cya,west2644
cyg,cayu1261
cze,czec1258
daa,daak1235
dak,dako1258
des,desa1247
dhu,dhur1239
dhw,thur1254
dji,djin1251
djr,jaru1254
dob,dobe1238
dou,dout1240
dri,dari1249
dsh,dani1285
dut,dutc1256
emc,embe1262
eno,engg1245
est,esto1258
far,faro1244
for,fore1270
gae,scot1245
gay,gayo1244
glp,dhan1270
gor,goro1270
gug,koka1244
guu,gugu1255
hln,hala1252
hmu,nupo1240
hnn,hanu1241
hno,nort2938
ice,icel1247
iga,inga1252
irm,iris1253
ita,ital1282
jum,juma1249
kaj,kaur1271
kam,kamb1299
kap,kela1255
kaw,kaiw1246
kei,keii1239
kjn,kunj1245
kjo,coas1295
kli,ledo1238
klp,kala1400
kop,komi1269
kra,kara1486
krl,kare1335
ktn,kete1254
kuu,kuuk1238
kuz,mati1250
lar,lara1258
let,leti1246
liv,livv1244
lje,lauj1238
lla,lamu1254
lmh,lama1277
lmp,lamp1243
mac,macu1259
mae,maee1241
mah,west2392
mai,mait1250
mcd,mace1250
mdm,west2443
mea,meya1236
meb,beta1252
men,meno1252
mgd,mong1342
min,mina1268
mis,misk1235
mks,maka1311
mlc,mala1533
mly,stan1306
mmo,moks1248
mms,mama1276
mna,muna1247
mng,mang1405
mnj,mart1256
mnm,mana1295
mnt,ment1249
mnx,manx1243
mny,marg1253
moh,moha1258
mrk,muri1260
mrs,nucl1594
mrw,muru1266
mse,muns1251
mta,buka1257
mym,mala1464
myn,maan1238
myy,mayk1239
naj,lish1245
nbb,bign1238
nbd,kenu1236
nbo,nyam1277
ngd,ngad1261
ngl,ngal1293
ngr,narr1259
nia,nias1242
nin,ning1273
nju,nyun1247
nkb,ngal1292
nne,neng1238
npu,napu1241
nsy,assy1241
nya,nyaw1247
obk,obok1239
occ,occi1239
olm,ngaj1237
ono,onoo1246
oto,iowa1245
pad,pado1242
pag,pagu1249
pin,pint1250
pir,yine1238
pkm,poqo1254
pkn,darl1243
plb,pola1255
plh,paul1238
plp,ngaj1237
pna,pamo1252
por,port1283
ppi,pitt1247
pul,pulu1242
qay,ayac1239
qch,kich1262
que,quec1382
rit,rita1239
rnr,balt1257
rot,rotu1241
rsm,roma1326
rti,term1237
sah,sahu1245
sak,saka1289
sao,saho1246
sbg,bala1311
scr,sout1528
sea,sout2859
ser,seri1257
sgr,sang1336
sio,sioo1240
skl,siku1242
skr,sika1263
slo,slov1268
sly,sela1260
sno,nort2671
spo,spok1245
sps,sout2965
srd,camp1261
sro,siro1249
sru,sela1259
sto,ston1242
sun,sund1252
svc,kash1274
svk,slov1269
swe,swed1254
swi,sawa1247
tah,tahi1242
taj,taji1245
taw,tawa1275
tgw,west2538
thp,thay1248
tla,kuan1248
tld,tala1285
tlo,tobe1252
tmc,timu1245
tng,tong1325
tno,tond1251
tns,sout2869
tnt,tont1239
tor,rata1244
trd,tora1261
tsa,tsak1249
tse,uabm1237
tsh,pana1305
tua,tuam1242
tzo,tzot1259
uhi,atam1239
uli,ulit1238
uma,umaa1242
unm,unam1242
vot,voti1245
wan,ngur1261
wbn,wamb1259
wel,wels1247
wer,weri1253
wet,luan1263
wlm,walm1241
wlo,woli1241
wrg,warr1255
wrl,warl1254
ych,cent2127
yil,yill1241
yin,yind1247
ysl,cent2128
yun,cent2127
yuw,gami1243
ywl,yoku1256
yzv,komi1268
atk,atak1252
bel,belh1239
cho,high1242
cku,wasc1239
dig,diga1241
hat,hata1243
iau,iauu1242
jel,jeri1242
kri,kari1255
lai,haka1240
mot,siwa1245
nah,niha1238
tot,yecu1235
wem,west2443
ash,adyg1241
nca,carn1240
nsg,nisg1240
amb,ambu1247
ane,anem1249
bzi,bauz1241
chy,chay1248
cin,ines1240
cjo,chic1272
gku,puel1244
gmz,gumu1244
hua,yaga1260
kim,kima1246
kiu,kuii1253
kkr,kiri1256
knp,ngka1235
mrh,mari1424
nat,natc1249
nkk,naka1260
nyn,nyig1240
ori,tega1236
siu,sius1254
syu,salt1242
tau,tauy1241
tgp,sawi1256
tkl,take1257
tlf,tele1256
wrn,wand1263
wsk,wask1241
xok,xokl1240
yli,angg1239
kui,kuii1252
ynk,yank1247
aar,aari1239
abn,arab1267
abu,abun1252
abv,abui1241
acl,acol1236
acu,achu1248
adg,adan1251
adi,adio1239
adn,adny1235
aga,agar1252
agc,cent2084
akh,akha1245
all,lala1268
aml,east2443
amq,amba1265
ams,stan1318
amx,anam1248
ang,ango1254
anj,anei1239
ann,anin1240
anu,anuf1239
any,anua1242
aoj,mufi1238
apl,apal1257
apt,apat1240
apw,west2615
arq,meso1252
arw,nucl1235
ass,assa1263
ath,athp1241
awa,awap1236
azi,sout2697
bac,wadj1254
baq,baur1253
bar,bari1284
bbu,bara1361
bdu,budu1250
bgo,bong1285
bgr,furu1242
bii,biri1256
bil,bilu1245
bio,naii1241
bka,baka1274
bkb,bett1235
bln,bili1260
blr,bela1254
blt,balt1258
blx,bilo1248
bmb,bimo1239
bmr,buru1306
bnn,bann1247
bnr,ngar1235
bnu,bula1255
brf,tari1263
brn,buru1320
brp,wara1302
bry,baru1267
bsh,bush1247
bti,beto1236
bud,budu1265
bun,tere1278
bwc,west2560
bya,byan1241
cba,barb1263
cbo,chac1251
cde,maqu1238
cem,cemu1238
chg,chan1313
chs,siyi1240
chx,lowl1260
ckl,chin1286
cln,chol1284
cnm,kana1291
coa,coah1252
coc,coca1259
cop,copt1239
cos,sout2986
cpl,pala1351
cpy,chip1262
crp,cara1272
deu,deor1238
dgo,dong1290
dhr,dhar1247
did,didi1258
dim,dime1235
dja,dyaa1242
djm,djam1256
djn,djin1253
dlm,dera1245
dmk,doma1260
dms,dima1251
dom,doma1258
drm,darm1243
duk,huns1239
dun,duna1248
egn,enge1239
eme,emer1243
erk,sout2856
eud,opat1246
fqs,fass1245
fua,adam1253
gaa,gaga1251
gah,alek1238
gal,damu1236
ggu,gure1255
gim,benc1235
gln,goli1247
gmw,guma1254
gnn,kwin1241
goe,goem1240
gok,goka1239
gon,sout2711
gud,gude1246
gul,gula1269
gur,guru1261
hma,hmar1241
hnd,hund1239
ho,hooo1248
hoa,hoav1238
hui,huic1243
idn,idun1242
ifu,bata1298
ina,suab1238
inn,yand1253
iqu,iqui1243
isa,kris1246
izi,izie1238
jab,yabe1254
jms,jams1239
juk,juku1254
kaa,karo1305
kac,kach1279
kar,kara1482
kba,kamb1297
kbu,kane1243
kbw,bwek1238
kel,kele1258
ken,keng1240
khl,turk1303
kik,kiku1240
kir,cerm1238
kkt,koko1269
kku,kork1243
kls,kali1308
klw,kili1268
kma,kama1373
kmh,gama1251
kmj,kara1483
kmn,kuma1280
kmo,moun1252
kmr,kamo1255
kms,kama1351
kmz,kama1367
knc,kuku1280
kni,konn1242
knn,kinn1249
knw,nort2951
koe,kweg1241
kok,kokb1239
kos,kosr1238
kre,gbay1288
krj,kara1476
krr,kair1263
ksa,east1472
kta,koit1244
ktc,katc1249
ktl,katl1237
kuv,kuvi1243
kwn,kwan1273
kwt,nucl1593
kyk,kyak1244
lac,laca1243
lag,lagw1237
lal,xish1235
lao,laoo1244
lbu,lund1266
lda,gand1255
ldu,lend1245
lec,leco1242
lel,lele1276
lew,lewo1242
lgu,long1395
lho,lhom1239
lmg,lama1288
lmn,lamb1269
lnd,band1344
lot,loth1237
lou,louu1245
mad,madi1260
maj,maja1242
man,mann1248
mbr,mbar1260
mbt,mang1394
mcc,moch1259
mcv,moco1246
mde,mend1266
mdn,mand1446
mee,meen1242
mek,saki1248
mer,meri1244
mga,ndun1249
mgk,mung1266
mgu,musg1254
mhi,mara1378
mik,karb1241
miy,miya1266
miz,lush1249
mka,maho1249
mki,mika1239
mkj,maka1316
mlg,wand1278
mmn,mama1275
mmv,mamv1243
mno,mono1275
moe,erzy1239
mok,moki1238
mon,monn1252
mou,moru1253
mpr,maip1246
mpt,mian1256
mra,mara1385
mru,maru1249
msc,chib1270
msg,misi1242
msk,ngil1242
msl,nucl1440
msn,mais1250
mtb,matu1259
mts,mati1255
mtu,motu1246
mup,mwag1236
mur,murs1242
mus,muss1246
mut,sout2986
mwb,west2555
mxj,pino1237
mxo,ocot1243
mxp,peno1244
mzh,huau1238
nag,yale1246
nak,naka1262
ndb,sout2808
ndj,djee1236
ndo,ndon1254
ngj,ngad1258
ngm,ngam1268
ngn,ngan1295
ngt,tang1336
ngw,ngaw1240
nha,nhan1238
nhm,mich1245
niu,niue1239
noc,noct1238
noo,noon1242
nph,narp1239
nsn,nise1244
nue,nuer1246
nup,nupe1254
nwd,newa1246
nym,nyam1276
nyu,nyul1247
nza,nzak1247
nze,zeme1240
obg,ogbr1243
obo,obol1243
ocu,atzi1235
omi,omie1241
otr,otor1240
paa,paaa1242
pal,pala1344
pam,cent2145
pan,panj1256
par,pari1256
pba,pima1248
pdp,folo1238
per,pero1241
pga,pila1245
pia,piar1243
pkt,poko1263
plk,pali1279
pnu,youn1235
pok,rawo1244
pre,asut1235
prk,puri1258
ptw,patw1250
pwn,pawn1254
qhu,huam1248
qum,sipa1247
ras,tega1236
raw,rawa1265
rem,bond1245
rny,nyan1307
rum,rumu1243
run,rung1258
rwe,wels1246
saa,saaa1240
sal,sali1253
sam,samo1305
sav,savi1242
sem,sumi1235
shl,shil1265
shm,sham1280
shn,shon1251
sho,shos1248
sht,shat1244
sia,sian1257
sid,sida1246
sis,baba1268
skk,sikk1242
slb,sali1295
smn,cree1270
sna,shin1264
sng,sina1266
so,sooo1256
sob,sobe1238
son,sons1242
src,sars1236
stl,sant1410
suk,suki1245
tak,taki1248
tao,tara1313
tar,tari1256
tbo,tbol1240
tee,hueh1236
ten,tenn1246
teo,teop1238
tep,tlac1235
tes,teso1249
tgh,taha1241
tgl,tsha1245
thn,than1259
thy,thay1249
tim,timu1262
tir,trio1238
tja,kumi1248
tml,tami1289
tmo,tibe1272
tna,turk1308
tnc,tana1290
tnn,tune1261
tny,west2466
tob,toba1269
toz,tong1318
tpn,nort2959
tpt,tapi1253
tri,copa1237
trm,suri1267
trr,nort2920
tsk,tama1365
tte,tute1247
tuc,tuca1252
tus,tusc1257
twe,lowl1265
txj,xico1235
tzu,tzut1248
udm,udmu1245
ukr,ukra1253
uld,wuzl1236
urd,urdu1245
url,urak1238
urn,urar1246
urt,urat1244
usr,usar1243
wag,wage1238
wak,wakh1245
wal,valm1241
wat,waja1257
wau,woun1238
wed,weda1241
wly,wola1242
wol,wole1240
wrb,warr1257
wrk,guar1293
wrw,warr1258
xar,xara1244
xbi,komb1272
xho,xhos1239
yal,kosa1249
yng,ying1247
yok,yoku1256
yuk,gang1267
zag,zagh1240
zai,isth1244
zap,mitl1236
zay,zays1235
zhn,guib1245
zpr,zapa1253
zqo,copa1236
zzo,zoog1238
agl,aghu1253
blq,nucl1695
bnw,bani1255
bsm,bisl1239
buw,bulu1251
cmx,como1259
coe,coeu1236
cuu,chuu1238
cvc,chav1241
cwe,colu1241
dhm,dhim1246
err,siee1239
fox,mesk1242
gmt,guma1253
gum,kumb1268
hil,hili1240
hlu,halk1245
hrr,hara1271
ilo,ilok1237
itz,itza1241
kpm,pamp1243
lrd,lard1243
maw,west2500
mja,jami1235
mmb,mbul1263
moj,moha1256
mrq,nort2845
msh,mars1254
muh,seba1251
mwe,mwer1248
mxl,alac1244
nau,naur1243
nde,nand1264
ngk,nang1259
nhc,cent2132
nkr,nuku1260
ojs,seve1240
oka,okan1243
pgl,ping1243
pnn,pang1290
rmb,remb1249
rnd,rund1242
ses,sout2807
sry,sira1267
sst,stra1244
swt,swat1243
tho,thom1243
thw,thao1240
tig,tigr1271
toj,tojo1241
tsw,tswa1253
twa,twan1247
wwy,wara1300
abo,arbo1245
agw,alag1248
bab,veng1238
bys,bais1246
cic,nyan1308
def,defa1248
fgu,pula1262
gdi,godi1239
lin,ling1263
ngg,nang1259
nyh,nyih1240
pil,pile1238
pmc,cent2138
qaf,afar1241
ren,rend1243
ret,tani1257
saw,sabu1255
smt,umat1237
tap,taia1239
tvl,tuva1244
yaz,yazg1240
ylb,mart1256
agd,dupa1235
ajg,ajab1235
alk,arop1243
arj,gulf1241
avk,avik1243
avo,avok1242
ayi,anyi1245
bak,baka1272
bas,basa1284
bga,beng1282
bgn,bugu1246
bid,bidi1241
big,yulu1243
bin,bina1277
bku,mokp1239
blg,bala1310
blu,luba1249
bmz,tumz1238
bnb,buna1275
bni,bini1246
bnk,bank1256
bob,bang1354
bsi,siwi1239
bus,busa1253
cai,suri1267
cak,kaqc1270
chb,cham1313
chn,chan1310
cld,chal1275
cmr,mara1382
cqt,chiq1248
cro,crow1244
daw,daww1239
drg,darg1241
dul,drun1238
eny,enya1247
fon,fonn1241
gam,gamo1243
gel,gela1263
gil,gila1241
git,gitx1241
gnd,gaan1243
guh,guhu1244
gwo,tyap1238
hdi,hdii1240
hem,hemb1242
hhu,hang1263
hna,mina1276
hya,haya1250
ifm,teke1274
iha,ihaa1241
jar,jara1263
jlu,luwo1239
jug,tase1235
kai,kaia1245
kdw,kadi1248
kga,nucl1379
kgr,kagu1239
kgy,kyer1238
khd,kham1282
kie,kire1240
kpo,ikpo1238
kum,kuma1273
kwy,sans1272
kxo,kxoe1243
kyo,kany1247
kyq,nuuc1236
kyz,kaya1329
laf,lafo1243
ldo,orok1266
leg,lega1249
les,lese1243
lmb,lamb1271
lmu,lame1260
lul,lule1238
lun,tase1235
ma,made1252
mag,east2352
mas,masa1322
mbi,bamb1266
mbl,mbol1247
mco,coat1238
mda,mada1293
mdg,mund1325
mgh,maga1260
mgq,mang1398
mij,miju1243
mkg,mand1436
mkr,arua1260
mmi,mamb1294
mnz,monz1249
mof,mofu1248
mtt,wamp1249
mua,makh1264
muu,mund1330
mwo,motl1237
mxy,yoso1239
myg,mayo1261
mzn,maza1291
nal,nali1244
nbr,ngab1239
ncm,ntch1242
ndu,ndum1239
ngb,ngba1285
nif,niua1240
nke,nkem1242
nma,maon1238
nrg,nane1238
oir,kalm1243
one,molm1235
ord,peri1253
orw,waat1238
psw,port1285
rag,hano1246
rao,raoo1244
rji,raji1240
sar,kapr1245
sec,seco1241
sgb,mani1235
shb,shab1252
shd,sher1257
shy,east2337
sil,dars1235
sle,samb1305
sme,siam1242
smp,shom1245
stn,pedi1238
sub,subi1246
sud,sude1239
sug,assa1269
tba,sina1271
tbw,taab1238
tgn,tugu1245
tgo,tsog1243
thk,thak1245
thu,thul1246
tia,tima1241
tmg,tama1336
tnk,tung1290
trw,torw1241
tsf,colo1256
ttd,tetu1245
tts,take1255
ura,urav1235
vnm,vinm1237
wir,wira1265
wme,wamb1257
yam,yami1256
zar,zarm1239
ano,nung1282
bkt,brok1247
blj,kaci1244
boz,tiey1235
deg,dege1246
dha,daas1238
dhi,dhiv1236
dug,gaww1239
gol,gola1255
grg,gura1252
gus,gusi1247
jam,djam1255
kda,kond1295
kod,koda1255
kuk,bari1284
laz,lazz1240
lml,nucl1327
mig,miga1249
mto,kuma1274
myr,mats1244
nmi,isth1242
nse,nsen1242
olu,olut1240
sgu,sang1333
sir,siar1238
ski,kild1236
taf,sapo1253
tis,tibe1272
tmm,malo1243
ywr,yawu1244
zaq,sant1451
zaz,diml1238
zch,chim1300
nic,cent1990
pny,pany1241
yna,nauk1242
adt,adyg1241
afr,afri1274
bdc,berb1259
bnd,band1352
fri,east2288
gji,guri1247
hwc,hawa1247
iir,papu1250
jcr,jama1262
klg,kulu1253
knq,krio1252
ktz,kati1270
kyn,koyu1237
lcr,guad1242
lma,loma1260
mbu,mana1298
mce,beli1260
mcr,mori1278
mds,mala1481
pap,papi1253
rsh,shug1248
tbs,taba1259
tmu,musl1236
toq,toab1237
tpi,tokp1240
agb,legb1242
bum,tean1237
ddj,godi1239
dmi,dumi1241
kau,kaul1240
leb,ngel1238
lgt,logo1259
mko,muku1242
mlu,male1289
moa,mono1273
msm,muso1238
ney,neyo1238
pra,pras1239
ron,ronn1241
rov,rovi1238
ssa,west2465
tan,nucl1696
tke,toke1240
tvt,tuts1235
zya,yatz1235
oix,ixte1237
arr,east2379
bly,nija1241
bxj,bayu1240
dhl,dhal1245
ggd,guga1239
gny,guny1241
guf,gupa1247
kyt,kayt1238
lnj,leni1238
mdb,mudb1240
mrj,ngad1258
nlr,ngar1286
nlu,ngar1287
nly,nyam1271
nyr,nyan1301
ump,umpi1239
vka,kari1304
wbt,wanm1242
wgg,wang1290
wgu,waru1264
wkw,waka1274
wru,waru1265
wwr,woiw1237
ylr,yala1262
yyg,yayg1236
bad,bade1248
inr,west2618
kbl,kaby1243
klb,huba1236
krg,shon1251
kwm,kwaa1269
nku,kenu1236
uri,urim1252
jun,juan1238
mic,mikm1235
mud,mund1327
qta,nort2980
rej,reja1240
ven,vend1245
bro,torr1261
can,cand1248
klk,kuoo1238
kna,kari1311
mle,male1284
mlm,mlab1235
nad,nade1244
psj,sanj1285
srm,sara1340
zsq,sanj1284
ago,ango1258
kji,nort2641
tay,tayo1238
atc,urip1239
cch,choc1279
fue,east2447
ibi,ibib1240
klq,kala1397
kwr,kwam1252
nel,kuma1276
nro,naro1249
nto,ntom1248
see,taro1264
sum,maya1285
tst,tsat1238
uku,uppe1438
kin,kiny1244
ktt,kott1239
snn,soni1259
urh,urho1239
bec,chit1275
frw,west2354
ots,east2556
rka,vlax1238
tda,toda1252
boi,boik1241
cea,swam1239
cml,caml1239
cua,cuaa1241
dhb,baya1257
emm,amii1238
esm,atac1235
gog,gogo1265
har,haru1245
kdz,coas1294
kje,kore1283
kkw,kara1289
kll,kalu1248
kmw,kamu1258
kno,kano1245
kyp,kaya1330
lis,lisu1250
luc,luch1239
mch,mach1267
mey,meny1245
mhk,mehe1243
mhl,misi1242
mii,tama1331
mir,miri1266
mqf,momu1241
ory,orya1242
puq,puqu1242
shh,shar1245
sim,sime1241
sko,nucl1634
tal,tali1258
tbt,toba1266
tbx,seke1240
tuy,tuyu1244
uru,uruu1244
wn,wikn1245
wog,woga1249
wom,womo1238
wth,wath1238
yah,yama1264
auy,awiy1238
bah,xiri1243
bnm,binu1245
bou,taga1278
cog,cogu1240
com,maor1244
crg,east2555
dam,mala1522
fni,nige1253
grj,huar1255
kwe,west2635
ldn,ladi1250
lga,onto1237
mhu,mbal1255
mjk,mand1419
mxa,atat1238
myo,mayo1264
owc,west2721
pen,peng1244
rbu,balk1252
rmc,roma1326
srl,lowe1385
ssh,boro1277
sus,susu1250
way,waya1270
xam,xamm1241
aci,achi1256
bub,bube1242
coi,chor1273
dua,dual1243
fea,east2288
fno,nort2626
gbc,uppe1455
glc,gali1258
gre,kala1399
grn,fare1241
hcr,hait1244
her,here1253
izh,ingr1248
ksu,kash1274
kug,mand1415
lge,nort2627
lno,ladi1251
mqc,guad1242
orb,bora1271
pcm,poqo1253
pri,prin1242
sap,sapu1248
sey,sese1246
sou,uppe1395
vep,veps1250
ako,cypr1248
alx,bata1292
ami,amis1246
anx,andi1255
ars,sana1295
bat,bata1301
beg,idaa1241
biq,sara1326
bkd,binu1244
bok,boko1266
bpa,bura1292
dbr,dutc1256
dli,dutc1256
duz,zeeu1238
gau,bava1246
gba,bava1246
gbe,swis1247
gbl,stan1295
gdf,gudu1252
gha,stan1295
gma,stan1295
gos,swis1247
gpz,swis1247
grp,kols1241
gtg,swis1247
gth,stan1295
gti,stan1295
gwe,west2356
gzu,swis1247
ibn,iban1267
isn,isna1241
itu,piem1238
kbi,inpu1234
kuy,teng1267
lch,lach1248
lov,lave1248
mgn,magu1243
mit,mitu1240
mmu,nege1240
nvs,gily1242
nyl,nyal1254
pte,pait1244
qcu,cusc1236
rru,nyor1246
tgb,tagb1258
wai,waiw1244
wll,wall1257
ydb,east2295
ydl,east2295
ygn,yagn1238
ylt,east2295
ymi,yami1254
yms,yems1235
amk,amar1274
arz,nucl1235
bit,biat1246
bjs,sout2918
brl,lowa1242
cme,east2563
crq,carr1249
cul,culi1244
dat,dato1239
den,deni1241
hmd,hmon1333
hyo,asho1236
jah,jeha1242
jmm,jama1261
kag,kome1238
kbr,bara1370
keo,keoo1238
khu,khum1248
klt,kela1258
knu,rapo1238
krf,kora1294
ktp,mala1479
lud,lund1271
lur,nort2645
mbg,mbug1240
mel,cent2101
mhm,besi1244
mli,mali1284
mll,mola1238
mnr,mand1442
msy,west2418
ngy,ngar1235
nrm,naro1251
ore,orej1242
prc,pare1272
smd,sema1269
tht,tehi1237
tll,taul1251
trn,tere1279
vaf,vafs1240
wgl,waig1243
wur,waur1244
arn,chad1249
hsl,hais1244
als,alse1251
ama,amar1272
ari,arib1241
atm,kunz1244
awi,aeky1238
ayr,ayor1240
bau,bauu1244
bch,tach1249
bia,bila1255
boa,kuni1265
gjj,guaj1255
grs,garu1246
iwa,iwai1244
jrw,jara1245
mke,meke1243
mkl,makl1246
mmw,mamb1296
mnv,mina1269
mpu,mpur1239
mug,barg1252
neh,neha1247
rik,rikb1245
sen,nucl1396
tai,taha1241
tet,tete1250
tum,tuml1238
wya,wyan1247
xer,xere1240
yqy,yaqa1246
zen,zena1248
brk,beri1254
kln,wers1238
swv,swed1254
vat,lako1244
wyn,waya1269
xun,kung1261
ahu,aghu1255
mcf,mich1243
nbh,ghul1238
nbm,ngba1284
plr,palo1243
prd,duru1236
sra,sran1240
srr,serr1255
wrp,waro1242
yav,hava1248
gnb,kunb1251
mbo,nucl1458
pop,mezo1235
atu,tuni1259
bon,bong1291
cyn,chey1247
ins,east2534
ise,isek1239
mtg,mont1268
tem,temm1241
tga,tang1348
aja,ajas1235
alc,alle1238
awy,awyi1241
bbl,dibo1245
bem,bemb1257
boj,damu1236
iat,iatm1242
jwr,jama1261
kbo,apma1241
knb,badi1247
kti,yong1280
kus,kusu1250
mdl,madn1237
mem,mane1266
mgi,mail1248
mni,moni1261
mom,nucl1452
mri,moro1289
mrr,mari1419
mtk,matu1261
nmd,samo1303
omh,omah1247
pis,asue1235
pun,wadj1254
ria,rian1263
she,sher1255
slg,sulu1241
tki,tuki1240
wtm,wata1253
yao,yaoo1241
yei,yeii1239
ylm,yelm1242
yns,yans1239
yrm,yuru1243
zim,zima1244
abb,chad1249
anl,nort3139
ard,aran1237
ark,arak1252
bhu,mund1320
brz,birr1240
buk,buku1249
csh,cash1254
cte,tepe1279
dbd,tait1250
goj,guja1253
ido,idom1241
kil,luba1250
kow,winy1241
kte,kete1252
kyg,keny1279
lob,lobi1245
loz,lozi1239
mgo,mong1338
mop,mopa1243
ndg,ndog1248
nen,nene1249
nng,nyan1304
npn,naga1394
ntn,nate1242
nub,nubi1253
pta,dumb1241
rav,balk1252
rsu,roma1326
sgl,seng1278
sva,svan1243
vag,vagl1239
ykm,yako1252
baf,bafu1246
nnn,nort2784
dyu,dyul1238
kgm,kago1247
ksm,kase1253
mkn,mank1251
awk,pong1250
taz,taly1247
tmi,tata1255
tsp,tami1289
gdk,pott1240
akr,arik1262
amd,amdo1237
apc,mesc1238
beb,bena1264
bse,cent2194
cco,tutu1242
gso,kala1399
jem,jeme1245
khw,khow1242
kic,kick1244
klh,kala1372
kto,kato1244
mgl,ming1252
mth,tlah1239
mtl,matt1238
mxs,sila1250
mxz,coat1241
nit,diti1235
pem,pemo1248
pmn,nort2966
pot,pota1247
say,sayu1241
tnb,ango1257
trg,tewa1260
tws,sout2961
aba,abau1245
asu,toca1235
ayw,ayiw1239
bdw,baha1258
bgm,bang1363
bgs,baga1272
bgz,bong1289
bol,boli1255
boq,damu1236
cga,moch1256
chd,chau1259
ctw,cata1286
cuc,timo1237
dma,duma1253
dok,ngom1268
edo,edol1239
eko,koti1238
foe,foii1241
guw,gunn1250
heh,hehe1240
hei,heil1246
hol,holo1240
huc,huaa1248
ige,iged1239
isi,isir1237
jad,tibe1272
kae,kaki1249
kby,kabi1261
khn,khun1259
kkq,kuik1246
knz,kham1282
kqq,kren1239
ksn,suoy1242
kyr,kark1258
lab,labu1248
lgi,lang1320
lic,hlai1239
mbe,mber1257
mdw,mbos1242
mkd,mako1251
mkq,ngem1255
mkz,maka1304
mrc,rong1264
msq,halk1245
mxe,mele1250
nbe,ngom1268
ndi,sout2784
ndr,fiji1243
ngu,nort2836
nnd,nend1239
nus,nusu1239
owi,owin1240
png,pang1287
pnx,pana1307
pog,pogo1243
ral,ralt1242
rga,rong1268
rim,nyat1246
rpa,tibe1272
skm,suku1261
sku,suku1259
skw,shek1243
tdi,tibe1272
tdr,tibe1272
tiv,tivv1240
tpr,tupu1244
tsr,taus1253
tye,tyar1236
wec,wels1247
wlw,warl1256
wna,wann1242
wwa,waam1244
xns,kana1283
acn,acha1249
amt,amdo1237
han,hani1248
idu,idum1241
mil,damu1236
mpo,myen1241
nmm,mana1288
ryu,cent2126
tat,tata1257
ybi,yamp1242
yi,sich1238
kbt,kaba1276
klr,shah1254
tls,taly1247
dng,ding1239
hwr,gura1251
kmi,kami1256
sge,song1303
trt,tern1247
vif,vili1238
amm,amap1240
ppc,piap1246
buj,kwas1243
els,else1239
gdb,bodo1267
luy,saam1283
bkn,orok1266
tsn,tson1249
hli,halk1245
lye,lyel1241
nom,noma1263
ojm,chip1241
sur,surs1246
tpc,tepe1278
ygd,diii1241
eml,emba1238
aji,ajie1238
yrr,pume1238
gno,guan1269
nhp,poch1244
zpi,sout3005
brj,burj1242
dab,nucl1683
kko,kura1250
lnw,lonw1238
ptp,patp1243
bgi,bagr1243
sik,sika1262
ewa,ewee1241
gdr,gida1247
kjr,koor1239
nge,ngem1255
apj,jica1244
kao,kara1487
npi,nige1257
abw,west2630
alg,algo1255
arx,area1240
ati,atik1240
ayn,ainu1251
beo,beot1247
bnq,beng1286
bpb,bahn1262
brc,boru1252
cab,cabe1245
cat,embe1260
cec,chic1271
clc,cola1237
cma,chim1309
cmc,come1251
cpw,chip1241
crl,caro1242
csf,usil1237
csk,jola1262
ctt,tata1258
cur,curr1243
cut,cuit1236
dca,casi1235
dda,dhuw1249
dgx,dege1248
gna,guan1268
gyb,guay1257
hmb,huam1247
ill,miam1252
inu,nort2943
itw,itaw1240
ixc,ixca1245
kaq,kaur1267
kdg,kari1317
kea,qanj1241
kgt,west2618
kky,kank1243
klz,kala1384
kpn,kapi1249
ktb,kitu1246
kth,gwic1235
lau,lauu1247
mca,maca1260
mcg,maca1259
mcn,macu1260
mhc,mohe1244
mjc,sanj1281
mkb,coas1301
moc,shek1244
mpy,mapo1246
mti,bari1297
muy,muyu1244
mwl,lake1258
mwp,plai1259
mxg,sanm1295
mxu,chay1249
nhx,guer1241
nnm,tuva1244
nnt,nant1249
npa,isth1241
nsk,nask1242
nsz,high1278
nuk,nuka1242
oko,adiv1239
oma,omag1248
onn,onon1246
osm,quer1236
pla,play1240
pow,powh1243
prt,pira1254
psv,coyo1236
pui,puin1248
qan,chiq1249
qca,caja1238
rad,rade1240
rgn,nort2994
rng,reng1252
rnn,renn1242
slv,sout2959
smj,sema1266
sri,siri1274
tbe,tigr1270
tnj,tana1289
tnl,lowe1425
tos,high1243
trc,chic1273
tsj,tewa1260
tty,tatu1247
tub,tuba1279
tut,nort2941
tzt,tzel1254
ved,vedd1240
yak,yaka1269
yrt,yuru1263
yyo,yort1237
zaj,sier1250
zam,mixt1426
zfl,fran1266
zqr,rayo1235
fum,maas1239
abd,abid1235
ape,safe1240
bgl,bugl1243
bhi,bhil1251
bhn,bahi1254
cum,chum1261
dym,djim1235
gun,nugu1242
hlb,halb1244
kak,kama1370
kkb,konk1269
kkz,kukn1238
kmt,kemt1242
mav,mari1435
mdu,mund1326
mmp,mamp1244
mwa,mart1256
mwc,mawc1242
naf,nafa1258
tif,tifa1245
vas,vasa1239
wob,weno1238
ykn,yaka1277
zte,texm1235
alt,swis1247
ast,astu1245
bdg,bada1257
bru,east2332
crh,chru1239
fli,west2454
gdl,guad1242
gml,gami1243
grt,goro1259
hre,hree1244
lux,luxe1241
mol,roma1327
pak,paka1251
pro,occi1239
rbg,sint1235
rlo,vlax1238
ada,adam1238
asl,amer1248
aus,aust1271
bsl,brit1235
csl,chin1283
dge,germ1281
fsl,finn1310
gsl,gree1271
hks,hong1241
ics,icel1236
ipi,indi1237
ipk,paki1242
irs,iris1235
isl,inte1259
iss,isra1236
kkl,beng1239
lii,ital1275
lsa,arge1236
lsb,braz1236
lse,span1263
lsf,fren1243
lsq,queb1245
ned,dutc1253
nih,japa1238
nzs,newz1236
rsl,russ1255
ssl,kore1273
svt,swed1236
ths,thai1240
tsl,tanz1238
tui,turk1288
tzi,taiw1241
ugs,ugan1238
vla,vlaa1235
ksl,keny1241
lgp,port1277
nte,norw1255
psl,plai1235
usl,urub1243
abh,baha1259
akm,marm1234
aul,aulu1238
bmn,bamu1253
bos,bosn1245
fbf,west2454
fiw,west2519
gcy,mode1248
gfr,guia1246
gho,ghot1243
gro,guro1248
gvi,bava1246
ifi,ital1282
inj,indo1316
itb,emil1241
itg,ligu1248
itn,neap1235
kij,kitj1240
kou,komc1235
lns,lamn1239
mbz,mbee1250
mnk,east2426
myk,mala1479
oi,oyyy1238
spc,stan1288
yba,yamb1251
